{
	"description": "项目配置文件",
	"packOptions": {
		"ignore": []
	},
	"setting": {
		"urlCheck": false,
		"es6": true,
		"postcss": true,
		"minified": true,
		"newFeature": true,
		"autoAudits": false
	},
	"compileType": "miniprogram",
	"libVersion": "2.6.2",
	"appid": "wx9b0fa201ac5c7ef2",
	"projectname": "weapp-motor-movies",
	"debugOptions": {
		"hidedInDevtools": []
	},
	"isGameTourist": false,
	"condition": {
		"search": {
			"current": -1,
			"list": []
		},
		"conversation": {
			"current": -1,
			"list": []
		},
		"plugin": {
			"current": -1,
			"list": []
		},
		"game": {
			"currentL": -1,
			"list": []
		},
		"miniprogram": {
			"current": 2,
			"list": [
				{
					"id": -1,
					"name": "我的",
					"pathName": "pages/profile/index",
					"query": "",
					"scene": null
				},
				{
					"id": -1,
					"name": "榜单",
					"pathName": "pages/list/index",
					"query": "",
					"scene": null
				},
				{
					"id": -1,
					"name": "影片搜索",
					"pathName": "pages/search/index",
					"scene": null
				}
			]
		}
	}
}